movie_info mi##mi.info_type_id,=,7#1401902
cast_info ci##ci.person_id,=,1166578#866
movie_info mi##mi.info_type_id,<,3#2091068
movie_info_idx mi_idx##mi_idx.info_type_id,=,99#459925
title t##t.kind_id,<,7,t.production_year,>,2014#438
cast_info ci##ci.person_id,>,3435413,ci.role_id,>,1#3422735
cast_info ci##ci.person_id,<,2804597#27351412
movie_info_idx mi_idx##mi_idx.info_type_id,=,101#459925
movie_keyword mk##mk.keyword_id,<,2973#1816306
movie_companies mc##mc.company_id,<,40985#1881657
movie_keyword mk##mk.keyword_id,>,10064#1561574
movie_companies mc##mc.company_id,>,38651,mc.company_type_id,<,2#48060
movie_info_idx mi_idx##mi_idx.info_type_id,>,99#920110
movie_info_idx mi_idx##mi_idx.info_type_id,>,101#260
cast_info ci##ci.person_id,<,1861827#18690654
movie_info_idx mi_idx##mi_idx.info_type_id,=,100#459925
movie_keyword mk##mk.keyword_id,>,2439#2932928
cast_info ci##ci.person_id,>,2575755#11254981
movie_info mi##mi.info_type_id,<,8#7286865
movie_info_idx mi_idx##mi_idx.info_type_id,>,100#460185
movie_companies mc##mc.company_id,<,18009#1646501
title t##t.kind_id,>,1,t.production_year,>,1978#1571232
movie_info_idx mi_idx##mi_idx.info_type_id,<,100#459925
title t##t.kind_id,>,1,t.production_year,=,2012#124747
movie_keyword mk##mk.keyword_id,=,5166#418
movie_companies mc##mc.company_id,<,3696,mc.company_type_id,<,2#669163
movie_keyword mk##mk.keyword_id,<,957#1001024
title t##t.kind_id,<,4,t.production_year,<,2010#686054
cast_info ci##ci.person_id,<,3063850#30440745
movie_keyword mk##mk.keyword_id,<,55405#4233707
movie_companies mc##mc.company_id,>,67#2402157
title t##t.kind_id,<,7,t.production_year,=,2010#49075
cast_info ci##ci.person_id,<,130027,ci.role_id,=,1#936115
movie_info mi##mi.info_type_id,<,7#5884963
title t##t.kind_id,<,4#854214
movie_keyword mk##mk.keyword_id,=,17086#747
title t##t.kind_id,<,2#662825
movie_companies mc##mc.company_id,<,19242#1673795
movie_keyword mk##mk.keyword_id,>,4899#2231011
title t##t.kind_id,=,7#1543264
movie_keyword mk##mk.keyword_id,=,4952#617
movie_info mi##mi.info_type_id,=,8#1325361
movie_keyword mk##mk.keyword_id,=,115#4517
title t##t.kind_id,<,7#985048
cast_info ci##ci.person_id,<,3053817,ci.role_id,=,1#12670688
movie_info mi##mi.info_type_id,>,17#1865632
movie_companies mc##mc.company_id,>,100258#255245
movie_info mi##mi.info_type_id,>,15#5270569
movie_keyword mk##mk.keyword_id,<,49236#4188802
movie_companies mc##mc.company_id,>,134983#143306
movie_companies mc##mc.company_id,<,6,mc.company_type_id,=,2#743
movie_keyword mk##mk.keyword_id,=,5661#541
movie_info mi##mi.info_type_id,>,1#14033580
movie_info mi##mi.info_type_id,>,94#900340
title t##t.kind_id,>,1#1865487
movie_info mi##mi.info_type_id,<,17#12601870
movie_keyword mk##mk.keyword_id,>,2256#2984380
movie_info mi##mi.info_type_id,<,4#3624977
movie_info mi##mi.info_type_id,>,16#2233850
movie_companies mc##mc.company_id,<,6,mc.company_type_id,<,2#3969
movie_keyword mk##mk.keyword_id,<,14695#3290774
movie_keyword mk##mk.keyword_id,>,1905#3121674
title t##t.kind_id,=,1,t.production_year,>,2008#160286
movie_keyword mk##mk.keyword_id,<,16264#3377245
movie_keyword mk##mk.keyword_id,>,7418#1860581
movie_companies mc##mc.company_id,>,3742#1658573
movie_info_idx mi_idx##mi_idx.info_type_id,<,101#919850
movie_companies mc##mc.company_id,=,19,mc.company_type_id,=,1#42064
cast_info ci##ci.person_id,<,2494196#24290611
cast_info ci##ci.person_id,>,3577314,ci.role_id,>,2#2489205
movie_info mi##mi.info_type_id,<,2#802140
title t##t.kind_id,=,4,t.production_year,>,2003#72269
movie_info mi##mi.info_type_id,=,98#328857
movie_keyword mk##mk.keyword_id,<,29028#3874830
title t##t.kind_id,<,7,t.production_year,<,1969#239782
movie_info mi##mi.info_type_id,>,5#9425200
title t##t.kind_id,=,7,t.production_year,=,1991#14325
movie_info mi##mi.info_type_id,=,15#598457
cast_info ci##ci.person_id,>,531768#30735405
movie_keyword mk##mk.keyword_id,>,3673#2445577
movie_companies mc##mc.company_id,<,20205#1689689
movie_companies mc##mc.company_id,>,687,mc.company_type_id,>,1#1165502
title t##t.kind_id,=,1#662825
movie_info mi##mi.info_type_id,<,16#9565151
movie_keyword mk##mk.keyword_id,<,5449#2379070
movie_info mi##mi.info_type_id,>,7#7548855
movie_info mi##mi.info_type_id,=,4#1298989
movie_keyword mk##mk.keyword_id,<,37386#4045812
title t##t.kind_id,<,7,t.production_year,>,0#977778
movie_companies mc##mc.company_id,>,73217,mc.company_type_id,>,1#522043
movie_keyword mk##mk.keyword_id,<,3511#1984712
movie_companies mc##mc.company_id,>,49970#672908
cast_info ci##ci.person_id,<,3721572,ci.role_id,=,3#4008037
movie_keyword mk##mk.keyword_id,>,4097#2366266
title t##t.kind_id,>,1,t.production_year,<,1955#20591
movie_companies mc##mc.company_id,<,19,mc.company_type_id,=,1#66520
cast_info ci##ci.person_id,=,1837760#1794
movie_info mi##mi.info_type_id,=,3#1533909
movie_info mi##mi.info_type_id,=,89#3130
movie_info mi##mi.info_type_id,>,3#11210743
movie_companies mc,title t#t.id=mc.movie_id#mc.company_id,=,11369#767
movie_info mi,title t#t.id=mi.movie_id##14835720
movie_companies mc,title t#t.id=mc.movie_id#t.kind_id,<,7#1891821
movie_info_idx mi_idx,title t#t.id=mi_idx.movie_id#mi_idx.info_type_id,=,99,t.kind_id,>,4,t.production_year,>,2001#74548
cast_info ci,title t#t.id=ci.movie_id#t.kind_id,=,1#10396795
movie_info_idx mi_idx,title t#t.id=mi_idx.movie_id#t.kind_id,<,7#954317
movie_keyword mk,title t#t.id=mk.movie_id#mk.keyword_id,<,6778,t.kind_id,=,7#348998
cast_info ci,title t#t.id=ci.movie_id#ci.person_id,<,699056,t.kind_id,=,3,t.production_year,<,2012#386605
movie_info_idx mi_idx,title t#t.id=mi_idx.movie_id#mi_idx.info_type_id,>,100#460185
movie_info_idx mi_idx,title t#t.id=mi_idx.movie_id#mi_idx.info_type_id,<,101,t.kind_id,>,3,t.production_year,<,2004#194910
movie_companies mc,title t#t.id=mc.movie_id#mc.company_id,>,70637,t.kind_id,=,1,t.production_year,=,1979#2109
movie_info mi,title t#t.id=mi.movie_id#mi.info_type_id,=,3,t.kind_id,<,7,t.production_year,<,2010#1130970
movie_info_idx mi_idx,title t#t.id=mi_idx.movie_id##1380035
movie_info_idx mi_idx,title t#t.id=mi_idx.movie_id#t.kind_id,>,1,t.production_year,=,1998#18822
movie_info mi,title t#t.id=mi.movie_id#mi.info_type_id,=,2,t.kind_id,<,2#625110
cast_info ci,title t#t.id=ci.movie_id#ci.person_id,<,3673491,ci.role_id,<,2#12670688
cast_info ci,title t#t.id=ci.movie_id#ci.person_id,>,1501023,t.kind_id,<,7#8330672
movie_companies mc,title t#t.id=mc.movie_id#t.kind_id,<,7,t.production_year,=,1927#5629
movie_info mi,title t#t.id=mi.movie_id#t.kind_id,<,4#9874334
movie_keyword mk,title t#t.id=mk.movie_id#mk.keyword_id,=,17086,t.kind_id,>,1#196
cast_info ci,title t#t.id=ci.movie_id##36244344
cast_info ci,title t#t.id=ci.movie_id#ci.person_id,>,1440894,ci.role_id,<,6#14868736
movie_keyword mk,title t#t.id=mk.movie_id#t.kind_id,=,7,t.production_year,=,1963#2165
movie_companies mc,title t#t.id=mc.movie_id#mc.company_id,>,99227,t.kind_id,=,1#221278
cast_info ci,title t#t.id=ci.movie_id#ci.person_id,>,1343313,ci.role_id,<,5,t.kind_id,<,7,t.production_year,>,1952#5108553
movie_keyword mk,title t#t.id=mk.movie_id#mk.keyword_id,<,114328,t.kind_id,=,7,t.production_year,>,2002#349415
movie_info mi,title t#t.id=mi.movie_id#mi.info_type_id,=,7,t.kind_id,<,3,t.production_year,<,1995#775920
cast_info ci,title t#t.id=ci.movie_id#ci.person_id,<,2186779,ci.role_id,>,1#8887871
movie_info mi,title t#t.id=mi.movie_id#mi.info_type_id,>,94#900340
cast_info ci,title t#t.id=ci.movie_id#t.kind_id,<,7,t.production_year,>,2008#3581028
movie_info_idx mi_idx,title t#t.id=mi_idx.movie_id#mi_idx.info_type_id,=,99#459925
movie_info mi,title t#t.id=mi.movie_id#mi.info_type_id,=,2#1288928
movie_keyword mk,title t#t.id=mk.movie_id#mk.keyword_id,=,4609,t.kind_id,<,7#733
movie_info_idx mi_idx,title t#t.id=mi_idx.movie_id#mi_idx.info_type_id,<,101,t.kind_id,<,4,t.production_year,>,2004#184790
movie_keyword mk,title t#t.id=mk.movie_id##4523930
movie_info_idx mi_idx,title t#t.id=mi_idx.movie_id#t.kind_id,>,1#750135
movie_companies mc,title t#t.id=mc.movie_id#t.kind_id,=,1,t.production_year,>,2008#225706
movie_companies mc,title t#t.id=mc.movie_id##2609129
movie_info_idx mi_idx,title t#t.id=mi_idx.movie_id#t.kind_id,=,7,t.production_year,>,2010#54945
movie_companies mc,title t#t.id=mc.movie_id#mc.company_id,<,27054,t.kind_id,=,7#525085
movie_info mi,title t#t.id=mi.movie_id#t.kind_id,=,1,t.production_year,<,2005#5453941
movie_info mi,title t#t.id=mi.movie_id#mi.info_type_id,<,8,t.kind_id,<,3#4834429
movie_info_idx mi_idx,title t#t.id=mi_idx.movie_id#mi_idx.info_type_id,>,101#260
cast_info ci,title t#t.id=ci.movie_id#ci.person_id,>,1336833,t.kind_id,=,4#860220
movie_info mi,title t#t.id=mi.movie_id#mi.info_type_id,>,2,t.kind_id,<,4#8507602
movie_info mi,title t#t.id=mi.movie_id#t.kind_id,=,4,t.production_year,>,2003#550930
movie_info mi,title t#t.id=mi.movie_id#mi.info_type_id,<,15#8966694
movie_info_idx mi_idx,title t#t.id=mi_idx.movie_id#mi_idx.info_type_id,=,99,t.kind_id,=,3,t.production_year,<,2002#20618
cast_info ci,title t#t.id=ci.movie_id#ci.person_id,>,2674310,ci.role_id,>,3,t.kind_id,=,7,t.production_year,=,1998#70905
movie_companies mc,title t#t.id=mc.movie_id#mc.company_id,<,262#408662
movie_info mi,title t#t.id=mi.movie_id#mi.info_type_id,<,4,t.kind_id,=,7,t.production_year,>,2004#166252
movie_companies mc,title t#t.id=mc.movie_id#mc.company_id,<,11238,t.kind_id,=,2#151352
movie_companies mc,title t#t.id=mc.movie_id#t.kind_id,<,7,t.production_year,=,1997#27286
movie_info_idx mi_idx,title t#t.id=mi_idx.movie_id#t.kind_id,=,7#425718
movie_companies mc,title t#t.id=mc.movie_id#mc.company_id,>,687,t.kind_id,=,1,t.production_year,>,1996#518410
cast_info ci,title t#t.id=ci.movie_id#ci.person_id,>,345682,ci.role_id,=,1,t.kind_id,>,1,t.production_year,=,1994#105630
movie_companies mc,title t#t.id=mc.movie_id#t.kind_id,>,1#1301439
movie_info mi,title t#t.id=mi.movie_id#mi.info_type_id,=,15,t.kind_id,<,7#364525
movie_companies mc,title t#t.id=mc.movie_id#mc.company_id,<,145,mc.company_type_id,=,1#207422
movie_info mi,title t#t.id=mi.movie_id#mi.info_type_id,=,4,t.kind_id,<,7#940676
movie_keyword mk,title t#t.id=mk.movie_id#t.kind_id,=,7,t.production_year,>,1976#539667
movie_companies mc,title t#t.id=mc.movie_id#mc.company_id,>,2065#1777107
movie_keyword mk,title t#t.id=mk.movie_id#t.kind_id,=,7,t.production_year,>,2003#328672
movie_info mi,title t#t.id=mi.movie_id#mi.info_type_id,<,6,t.kind_id,<,7#4458838
movie_companies mc,title t#t.id=mc.movie_id#t.kind_id,=,7#717308
cast_info ci,title t#t.id=ci.movie_id#ci.person_id,>,3578081,t.kind_id,=,1#595510
movie_companies mc,title t#t.id=mc.movie_id#mc.company_id,>,13114,mc.company_type_id,<,2#282101
movie_keyword mk,title t#t.id=mk.movie_id#mk.keyword_id,>,9329,t.kind_id,=,7#254004
movie_info mi,title t#t.id=mi.movie_id#mi.info_type_id,<,16#9565151
movie_info_idx mi_idx,title t#t.id=mi_idx.movie_id#mi_idx.info_type_id,<,101,t.kind_id,>,1#500090
movie_keyword mk,title t#t.id=mk.movie_id#t.kind_id,<,7#3878469
movie_info mi,title t#t.id=mi.movie_id#mi.info_type_id,<,8,t.kind_id,>,1,t.production_year,>,2011#125378
movie_companies mc,title t#t.id=mc.movie_id#mc.company_id,=,819,mc.company_type_id,<,2,t.kind_id,=,7#21
movie_info mi,title t#t.id=mi.movie_id#mi.info_type_id,=,16#3036719
movie_companies mc,title t#t.id=mc.movie_id#mc.company_id,<,45801,mc.company_type_id,<,2#1240795
cast_info ci,title t#t.id=ci.movie_id#ci.person_id,<,766648#7864558
movie_info_idx mi_idx,title t#t.id=mi_idx.movie_id#mi_idx.info_type_id,>,100,t.kind_id,>,4,t.production_year,=,1989#1915
cast_info ci,title t#t.id=ci.movie_id#ci.person_id,=,446805,ci.role_id,>,3#7
movie_keyword mk,title t#t.id=mk.movie_id#mk.keyword_id,=,4649#1436
movie_info mi,title t#t.id=mi.movie_id#t.kind_id,=,7#3963336
movie_companies mc,title t#t.id=mc.movie_id#mc.company_id,<,13912,t.kind_id,=,7#519240
movie_info mi,title t#t.id=mi.movie_id#mi.info_type_id,=,7,t.kind_id,=,4,t.production_year,>,2013#5
movie_info mi,title t#t.id=mi.movie_id#mi.info_type_id,=,16,t.kind_id,=,1,t.production_year,<,1971#302171
movie_keyword mk,title t#t.id=mk.movie_id#mk.keyword_id,=,21101,t.kind_id,<,7#129
cast_info ci,title t#t.id=ci.movie_id#ci.person_id,<,2202179#21680991
movie_keyword mk,title t#t.id=mk.movie_id#t.kind_id,<,2#2886675
movie_keyword mk,title t#t.id=mk.movie_id#mk.keyword_id,=,5108#71
cast_info ci,title t#t.id=ci.movie_id#t.kind_id,<,7#14824459
movie_info_idx mi_idx,title t#t.id=mi_idx.movie_id#t.kind_id,=,1#629900
movie_info mi,title t#t.id=mi.movie_id#mi.info_type_id,=,8,t.kind_id,>,1#620011
movie_companies mc,title t#t.id=mc.movie_id#mc.company_id,>,707#2001721
movie_info mi,title t#t.id=mi.movie_id#mi.info_type_id,>,18,t.kind_id,=,7#145883
movie_info mi,title t#t.id=mi.movie_id#t.kind_id,=,1,t.production_year,>,2010#1009670
movie_info_idx mi_idx,title t#t.id=mi_idx.movie_id#mi_idx.info_type_id,<,101#919850
movie_info_idx mi_idx,title t#t.id=mi_idx.movie_id#mi_idx.info_type_id,>,100,t.kind_id,>,4#147460
movie_companies mc,title t#t.id=mc.movie_id#mc.company_id,=,75641,t.kind_id,<,7#28
cast_info ci,title t#t.id=ci.movie_id#ci.person_id,<,2962305,ci.role_id,=,2#7451973
movie_keyword mk,title t#t.id=mk.movie_id#mk.keyword_id,>,14662#1234821
movie_info mi,title t#t.id=mi.movie_id#t.kind_id,<,7#10872384
movie_info mi,title t#t.id=mi.movie_id#mi.info_type_id,>,18,t.kind_id,=,7,t.production_year,=,2010#9959
movie_info mi,title t,movie_companies mc#t.id=mc.movie_id,t.id=mi.movie_id##67371414
cast_info ci,title t,movie_info mi#t.id=mi.movie_id,t.id=ci.movie_id##460456073
movie_companies mc,title t,movie_info mi#t.id=mi.movie_id,t.id=mc.movie_id#mc.company_id,>,11376,t.kind_id,=,7,t.production_year,>,2011#94392
movie_info mi,title t,cast_info ci#t.id=ci.movie_id,t.id=mi.movie_id#mi.info_type_id,>,16,ci.person_id,=,3552871#7
cast_info ci,title t,movie_info_idx mi_idx#t.id=mi_idx.movie_id,t.id=ci.movie_id#ci.person_id,<,887377#10699215
cast_info ci,title t,movie_info mi#t.id=mi.movie_id,t.id=ci.movie_id#ci.person_id,>,2869783,ci.role_id,>,2,t.kind_id,=,7,mi.info_type_id,>,2#18903992
movie_keyword mk,title t,movie_companies mc#t.id=mc.movie_id,t.id=mk.movie_id##34863638
movie_keyword mk,title t,movie_info_idx mi_idx#t.id=mi_idx.movie_id,t.id=mk.movie_id#mk.keyword_id,<,178,t.kind_id,<,7,t.production_year,>,1988#230468
cast_info ci,title t,movie_keyword mk#t.id=mk.movie_id,t.id=ci.movie_id#ci.person_id,<,3673491,ci.role_id,<,2#78775652
movie_keyword mk,title t,movie_info mi#t.id=mi.movie_id,t.id=mk.movie_id#mk.keyword_id,<,1915,t.kind_id,=,7#1742892
movie_info mi,title t,movie_keyword mk#t.id=mk.movie_id,t.id=mi.movie_id#mi.info_type_id,=,2,t.kind_id,=,7#406623
movie_info mi,title t,movie_info_idx mi_idx#t.id=mi_idx.movie_id,t.id=mi.movie_id#mi.info_type_id,=,105#136507
movie_companies mc,title t,cast_info ci#t.id=ci.movie_id,t.id=mc.movie_id#t.kind_id,>,1,ci.person_id,<,822307,ci.role_id,=,1#4777632
movie_info_idx mi_idx,title t,movie_keyword mk#t.id=mk.movie_id,t.id=mi_idx.movie_id##10424626
cast_info ci,title t,movie_companies mc#t.id=mc.movie_id,t.id=ci.movie_id#ci.person_id,>,2364119,ci.role_id,=,10,t.kind_id,<,7#9966657
cast_info ci,title t,movie_info mi#t.id=mi.movie_id,t.id=ci.movie_id#ci.person_id,<,3053817,ci.role_id,=,1,t.kind_id,>,1,t.production_year,<,2005,mi.info_type_id,<,16#18875388
movie_info mi,title t,movie_info_idx mi_idx#t.id=mi_idx.movie_id,t.id=mi.movie_id##20885030
movie_info mi,title t,movie_keyword mk#t.id=mk.movie_id,t.id=mi.movie_id#mi.info_type_id,>,7,mk.keyword_id,>,71#173280717
movie_info_idx mi_idx,title t,movie_info mi#t.id=mi.movie_id,t.id=mi_idx.movie_id#mi_idx.info_type_id,=,99,mi.info_type_id,>,16#1603946
cast_info ci,title t,movie_info mi#t.id=mi.movie_id,t.id=ci.movie_id#ci.person_id,>,2783202,t.kind_id,>,1,mi.info_type_id,<,4#6555540
movie_keyword mk,title t,cast_info ci#t.id=ci.movie_id,t.id=mk.movie_id#mk.keyword_id,=,2375,t.kind_id,>,1#27326
movie_companies mc,title t,movie_keyword mk#t.id=mk.movie_id,t.id=mc.movie_id#mk.keyword_id,<,3662#15010428
movie_companies mc,title t,movie_info mi#t.id=mi.movie_id,t.id=mc.movie_id#mc.company_id,=,96569,mc.company_type_id,>,1,t.kind_id,<,7,t.production_year,<,2007,mi.info_type_id,<,8#83
cast_info ci,title t,movie_info_idx mi_idx#t.id=mi_idx.movie_id,t.id=ci.movie_id#ci.person_id,>,3218597,ci.role_id,>,4#6088922
movie_info_idx mi_idx,title t,movie_info mi#t.id=mi.movie_id,t.id=mi_idx.movie_id#t.kind_id,<,7,mi.info_type_id,>,16#4267294
cast_info ci,title t,movie_companies mc#t.id=mc.movie_id,t.id=ci.movie_id#ci.person_id,=,898110,mc.company_id,<,14513,mc.company_type_id,<,2#412
movie_info_idx mi_idx,title t,movie_info mi#t.id=mi.movie_id,t.id=mi_idx.movie_id#t.kind_id,>,1,mi.info_type_id,>,16#1214487
movie_keyword mk,title t,movie_info mi#t.id=mi.movie_id,t.id=mk.movie_id#mk.keyword_id,>,4102,t.kind_id,<,7,t.production_year,>,2011#3089451
movie_companies mc,title t,cast_info ci#t.id=ci.movie_id,t.id=mc.movie_id#t.kind_id,<,7,ci.person_id,=,140130#112
movie_info_idx mi_idx,title t,cast_info ci#t.id=ci.movie_id,t.id=mi_idx.movie_id#t.kind_id,=,4,ci.person_id,>,2321402,ci.role_id,>,3#253740
movie_info mi,title t,movie_companies mc#t.id=mc.movie_id,t.id=mi.movie_id#mi.info_type_id,<,16,t.kind_id,<,7#31584479
cast_info ci,title t,movie_info_idx mi_idx#t.id=mi_idx.movie_id,t.id=ci.movie_id#ci.person_id,=,3964881,t.kind_id,=,1,t.production_year,<,2010,mi_idx.info_type_id,=,99#24
movie_keyword mk,title t,movie_info mi#t.id=mi.movie_id,t.id=mk.movie_id##235420417
movie_companies mc,title t,cast_info ci#t.id=ci.movie_id,t.id=mc.movie_id#mc.company_id,=,15226#15034
movie_companies mc,title t,cast_info ci#t.id=ci.movie_id,t.id=mc.movie_id##80274241
movie_info mi,title t,movie_companies mc#t.id=mc.movie_id,t.id=mi.movie_id#mi.info_type_id,>,15,t.kind_id,=,7,mc.company_id,<,53178#1762250
movie_info_idx mi_idx,title t,movie_keyword mk#t.id=mk.movie_id,t.id=mi_idx.movie_id#mi_idx.info_type_id,=,100#3461792
movie_companies mc,title t,movie_info mi#t.id=mi.movie_id,t.id=mc.movie_id#mc.company_id,<,145,mc.company_type_id,=,1#4123579
movie_info mi,title t,movie_companies mc#t.id=mc.movie_id,t.id=mi.movie_id#mc.company_id,=,72650#3621
movie_info mi,title t,movie_keyword mk#t.id=mk.movie_id,t.id=mi.movie_id#mi.info_type_id,>,7#175179538
movie_info mi,title t,movie_keyword mk#t.id=mk.movie_id,t.id=mi.movie_id#mi.info_type_id,=,4,t.kind_id,<,7,mk.keyword_id,<,2477#1694762
movie_info mi,title t,movie_companies mc#t.id=mc.movie_id,t.id=mi.movie_id#mi.info_type_id,<,3#4336790
movie_companies mc,title t,movie_keyword mk#t.id=mk.movie_id,t.id=mc.movie_id#t.kind_id,=,7,t.production_year,>,2009#388557
movie_companies mc,title t,movie_keyword mk#t.id=mk.movie_id,t.id=mc.movie_id#mc.company_id,>,5379,t.kind_id,=,7,t.production_year,<,1973#59621
movie_info mi,title t,movie_keyword mk#t.id=mk.movie_id,t.id=mi.movie_id#mi.info_type_id,>,9,t.kind_id,<,2,t.production_year,<,2010#139626432
movie_companies mc,title t,cast_info ci#t.id=ci.movie_id,t.id=mc.movie_id#mc.company_id,=,87965#102
movie_companies mc,title t,cast_info ci#t.id=ci.movie_id,t.id=mc.movie_id#ci.person_id,>,2967387#18549874
movie_info_idx mi_idx,title t,movie_keyword mk#t.id=mk.movie_id,t.id=mi_idx.movie_id#mi_idx.info_type_id,<,100,t.kind_id,<,7,t.production_year,>,1919#3078641
movie_info_idx mi_idx,title t,movie_keyword mk#t.id=mk.movie_id,t.id=mi_idx.movie_id#mi_idx.info_type_id,<,101,t.kind_id,>,1,mk.keyword_id,=,10833#2230
movie_info_idx mi_idx,title t,movie_info mi#t.id=mi.movie_id,t.id=mi_idx.movie_id##20885030
movie_info_idx mi_idx,title t,cast_info ci#t.id=ci.movie_id,t.id=mi_idx.movie_id#mi_idx.info_type_id,=,101,ci.person_id,<,2450667,ci.role_id,>,3#1735371
movie_info_idx mi_idx,title t,cast_info ci#t.id=ci.movie_id,t.id=mi_idx.movie_id#t.kind_id,=,7,t.production_year,>,1967#14363598
movie_keyword mk,title t,movie_info_idx mi_idx#t.id=mi_idx.movie_id,t.id=mk.movie_id#mk.keyword_id,>,16264,mi_idx.info_type_id,=,101#832769
movie_companies mc,title t,movie_info mi#t.id=mi.movie_id,t.id=mc.movie_id#mc.company_id,=,2924,t.kind_id,=,7,t.production_year,=,2009,mi.info_type_id,=,4#147
movie_info_idx mi_idx,title t,cast_info ci#t.id=ci.movie_id,t.id=mi_idx.movie_id#mi_idx.info_type_id,>,100,t.kind_id,>,4,t.production_year,=,1989,ci.person_id,>,1229314#37829
movie_keyword mk,title t,movie_info mi#t.id=mi.movie_id,t.id=mk.movie_id#mk.keyword_id,=,5925,t.kind_id,=,7#875
movie_companies mc,title t,movie_info mi#t.id=mi.movie_id,t.id=mc.movie_id#mc.company_id,=,18664#3905
movie_keyword mk,title t,movie_info mi#t.id=mi.movie_id,t.id=mk.movie_id#mk.keyword_id,=,1901,t.kind_id,=,3,t.production_year,<,2011,mi.info_type_id,<,17#273
cast_info ci,title t,movie_info mi#t.id=mi.movie_id,t.id=ci.movie_id#t.kind_id,<,7#370036943
cast_info ci,title t,movie_companies mc#t.id=mc.movie_id,t.id=ci.movie_id#ci.person_id,=,1370784#144
movie_companies mc,title t,movie_info_idx mi_idx#t.id=mi_idx.movie_id,t.id=mc.movie_id#mc.company_id,=,129931,mi_idx.info_type_id,=,100#2
movie_info mi,title t,movie_keyword mk#t.id=mk.movie_id,t.id=mi.movie_id#t.kind_id,=,7#6670447
movie_info mi,title t,movie_companies mc#t.id=mc.movie_id,t.id=mi.movie_id#mi.info_type_id,=,8,t.kind_id,>,1#976634
movie_info mi,title t,movie_companies mc#t.id=mc.movie_id,t.id=mi.movie_id#mi.info_type_id,=,4,t.kind_id,>,1#1115950
movie_companies mc,title t,movie_info mi#t.id=mi.movie_id,t.id=mc.movie_id#mi.info_type_id,<,6#15334043
movie_companies mc,title t,cast_info ci#t.id=ci.movie_id,t.id=mc.movie_id#t.kind_id,<,7,ci.person_id,>,201466,ci.role_id,=,2#10031419
cast_info ci,title t,movie_keyword mk#t.id=mk.movie_id,t.id=ci.movie_id#mk.keyword_id,<,34174#189586710
cast_info ci,title t,movie_companies mc#t.id=mc.movie_id,t.id=ci.movie_id#t.kind_id,<,7#58726960
movie_keyword mk,title t,movie_companies mc#t.id=mc.movie_id,t.id=mk.movie_id#mk.keyword_id,>,14662,mc.company_id,=,11147,mc.company_type_id,<,2#2046
movie_info mi,title t,movie_companies mc#t.id=mc.movie_id,t.id=mi.movie_id#t.kind_id,<,7,mc.company_id,<,170397#59807377
movie_companies mc,title t,movie_info_idx mi_idx#t.id=mi_idx.movie_id,t.id=mc.movie_id#mc.company_id,=,11153#4424
movie_keyword mk,title t,movie_info_idx mi_idx#t.id=mi_idx.movie_id,t.id=mk.movie_id#t.kind_id,<,7#9317206
movie_companies mc,title t,movie_info mi#t.id=mi.movie_id,t.id=mc.movie_id#t.kind_id,=,7,mi.info_type_id,=,16#1359337
movie_keyword mk,title t,movie_info_idx mi_idx#t.id=mi_idx.movie_id,t.id=mk.movie_id#t.kind_id,=,1,t.production_year,>,1998,mi_idx.info_type_id,=,100#1004689
cast_info ci,title t,movie_info_idx mi_idx#t.id=mi_idx.movie_id,t.id=ci.movie_id#t.kind_id,>,1#22271223
movie_info_idx mi_idx,title t,cast_info ci#t.id=ci.movie_id,t.id=mi_idx.movie_id#ci.person_id,>,301236,ci.role_id,<,10#30224099
cast_info ci,title t,movie_keyword mk#t.id=mk.movie_id,t.id=ci.movie_id#ci.person_id,<,976307,ci.role_id,>,2,t.kind_id,<,4,t.production_year,>,1995,mk.keyword_id,>,6887#3913973
movie_info mi,title t,movie_keyword mk#t.id=mk.movie_id,t.id=mi.movie_id##235420417
movie_info_idx mi_idx,title t,movie_keyword mk#t.id=mk.movie_id,t.id=mi_idx.movie_id#t.kind_id,=,1,t.production_year,=,2005,mk.keyword_id,<,763#39244
movie_companies mc,title t,movie_keyword mk#t.id=mk.movie_id,t.id=mc.movie_id#mc.company_id,<,1130,t.kind_id,<,7,t.production_year,=,2001,mk.keyword_id,<,335#15636
cast_info ci,title t,movie_info mi#t.id=mi.movie_id,t.id=ci.movie_id#ci.person_id,>,496474,ci.role_id,>,3,t.kind_id,<,3,t.production_year,<,2012,mi.info_type_id,<,7#27482641
cast_info ci,title t,movie_keyword mk#t.id=mk.movie_id,t.id=ci.movie_id#ci.person_id,=,2217294,ci.role_id,>,1,mk.keyword_id,<,7426#314
movie_companies mc,title t,movie_info_idx mi_idx#t.id=mi_idx.movie_id,t.id=mc.movie_id#mc.company_id,<,11153,mc.company_type_id,>,1#537346
movie_info mi,title t,movie_info_idx mi_idx#t.id=mi_idx.movie_id,t.id=mi.movie_id#t.kind_id,<,7,mi_idx.info_type_id,=,101#5719086
movie_keyword mk,title t,cast_info ci#t.id=ci.movie_id,t.id=mk.movie_id#mk.keyword_id,=,542,ci.person_id,>,1195448#24481
movie_keyword mk,title t,cast_info ci#t.id=ci.movie_id,t.id=mk.movie_id#mk.keyword_id,>,3599,t.kind_id,<,7,t.production_year,<,2009,ci.person_id,=,2436568,ci.role_id,<,7#24
movie_info_idx mi_idx,title t,movie_keyword mk#t.id=mk.movie_id,t.id=mi_idx.movie_id#t.kind_id,=,7,t.production_year,<,1994#314370
movie_info_idx mi_idx,title t,movie_info mi#t.id=mi.movie_id,t.id=mi_idx.movie_id#mi_idx.info_type_id,>,101,t.kind_id,<,7#94028
movie_keyword mk,title t,movie_companies mc#t.id=mc.movie_id,t.id=mk.movie_id#mk.keyword_id,<,130000,t.kind_id,<,7,t.production_year,<,1972,mc.company_id,>,210399#27919
movie_companies mc,title t,cast_info ci#t.id=ci.movie_id,t.id=mc.movie_id#t.kind_id,>,1,t.production_year,>,2006,ci.person_id,>,2906319#3971627
movie_info_idx mi_idx,title t,movie_keyword mk#t.id=mk.movie_id,t.id=mi_idx.movie_id#mi_idx.info_type_id,=,100,t.kind_id,=,7#369140
movie_companies mc,title t,movie_keyword mk#t.id=mk.movie_id,t.id=mc.movie_id#t.kind_id,>,1,mk.keyword_id,>,1082#3744420
movie_info mi,title t,cast_info ci#t.id=ci.movie_id,t.id=mi.movie_id#t.kind_id,=,7,ci.person_id,>,810611#69370989
movie_keyword mk,title t,cast_info ci#t.id=ci.movie_id,t.id=mk.movie_id#t.kind_id,=,1,ci.person_id,<,664944#34329316
cast_info ci,title t,movie_info_idx mi_idx#t.id=mi_idx.movie_id,t.id=ci.movie_id#ci.person_id,<,1423954,t.kind_id,<,7#11082803
movie_keyword mk,title t,movie_info mi#t.id=mi.movie_id,t.id=mk.movie_id#t.kind_id,=,7,t.production_year,=,1975#64367
cast_info ci,title t,movie_companies mc#t.id=mc.movie_id,t.id=ci.movie_id##80274241
cast_info ci,title t,movie_info_idx mi_idx#t.id=mi_idx.movie_id,t.id=ci.movie_id#ci.person_id,>,1347118,ci.role_id,>,10#353175
movie_keyword mk,title t,movie_companies mc#t.id=mc.movie_id,t.id=mk.movie_id#mk.keyword_id,<,7549,t.kind_id,<,7#19305500
movie_info_idx mi_idx,title t,movie_companies mc#t.id=mc.movie_id,t.id=mi_idx.movie_id#mi_idx.info_type_id,>,99,t.kind_id,=,2,t.production_year,=,1996,mc.company_id,>,4625,mc.company_type_id,>,1#1108
cast_info ci,movie_info mi,title t,movie_companies mc#t.id=mc.movie_id,t.id=mi.movie_id,t.id=ci.movie_id#mc.company_id,<,240#439933882
movie_companies mc,movie_keyword mk,title t,cast_info ci#t.id=ci.movie_id,t.id=mk.movie_id,t.id=mc.movie_id#mc.company_id,=,686,mc.company_type_id,>,1,t.kind_id,<,7,ci.person_id,>,788691,ci.role_id,<,9#9018
movie_keyword mk,movie_info_idx mi_idx,title t,movie_info mi#t.id=mi.movie_id,t.id=mi_idx.movie_id,t.id=mk.movie_id#mk.keyword_id,<,6778,mi_idx.info_type_id,=,99#124031738
movie_info_idx mi_idx,movie_info mi,title t,cast_info ci#t.id=ci.movie_id,t.id=mi.movie_id,t.id=mi_idx.movie_id#mi_idx.info_type_id,=,100,t.kind_id,=,3,t.production_year,>,2001,ci.person_id,=,2891815#12
movie_info_idx mi_idx,cast_info ci,title t,movie_info mi#t.id=mi.movie_id,t.id=ci.movie_id,t.id=mi_idx.movie_id#mi_idx.info_type_id,>,99,ci.person_id,<,1316052,t.kind_id,>,1,mi.info_type_id,=,8#4003678
movie_keyword mk,movie_info mi,title t,movie_companies mc#t.id=mc.movie_id,t.id=mi.movie_id,t.id=mk.movie_id#mi.info_type_id,>,16,mc.company_id,<,18009#1714854400
movie_companies mc,movie_keyword mk,title t,movie_info_idx mi_idx#t.id=mi_idx.movie_id,t.id=mk.movie_id,t.id=mc.movie_id#mk.keyword_id,>,8540,t.kind_id,<,7,t.production_year,<,1967#5938665
movie_keyword mk,movie_info mi,title t,movie_info_idx mi_idx#t.id=mi_idx.movie_id,t.id=mi.movie_id,t.id=mk.movie_id##696176855
movie_info mi,movie_keyword mk,title t,cast_info ci#t.id=ci.movie_id,t.id=mk.movie_id,t.id=mi.movie_id#mi.info_type_id,=,7,mk.keyword_id,<,2799,t.kind_id,=,1,ci.person_id,<,2900296,ci.role_id,=,3#16193043
movie_info mi,movie_keyword mk,title t,cast_info ci#t.id=ci.movie_id,t.id=mk.movie_id,t.id=mi.movie_id#mk.keyword_id,<,7771,t.kind_id,=,7,t.production_year,=,2012,ci.person_id,<,2400859#3621892
cast_info ci,movie_keyword mk,title t,movie_info_idx mi_idx#t.id=mi_idx.movie_id,t.id=mk.movie_id,t.id=ci.movie_id#ci.person_id,>,2742209,ci.role_id,<,8,mk.keyword_id,=,2906,t.kind_id,>,1#6624
movie_keyword mk,movie_info_idx mi_idx,title t,movie_info mi#t.id=mi.movie_id,t.id=mi_idx.movie_id,t.id=mk.movie_id#mk.keyword_id,<,49236,t.kind_id,=,7,t.production_year,>,2010#1657899
cast_info ci,movie_info mi,title t,movie_info_idx mi_idx#t.id=mi_idx.movie_id,t.id=mi.movie_id,t.id=ci.movie_id#ci.person_id,>,3705631,mi.info_type_id,>,2#124500525
cast_info ci,movie_info mi,title t,movie_keyword mk#t.id=mk.movie_id,t.id=mi.movie_id,t.id=ci.movie_id#ci.person_id,=,167054,ci.role_id,<,3,mi.info_type_id,<,16#1502
cast_info ci,movie_keyword mk,title t,movie_info_idx mi_idx#t.id=mi_idx.movie_id,t.id=mk.movie_id,t.id=ci.movie_id#ci.person_id,<,2326252,mk.keyword_id,>,12352,t.kind_id,>,1,mi_idx.info_type_id,<,100#6818992
movie_info mi,movie_keyword mk,title t,cast_info ci#t.id=ci.movie_id,t.id=mk.movie_id,t.id=mi.movie_id#mk.keyword_id,<,4617,t.kind_id,=,4,t.production_year,=,1997#1794621
movie_companies mc,movie_info_idx mi_idx,title t,movie_info mi#t.id=mi.movie_id,t.id=mi_idx.movie_id,t.id=mc.movie_id#mc.company_id,>,27,mc.company_type_id,<,2,t.kind_id,=,7,mi.info_type_id,>,2#5016048
movie_info_idx mi_idx,movie_info mi,title t,movie_keyword mk#t.id=mk.movie_id,t.id=mi.movie_id,t.id=mi_idx.movie_id#t.kind_id,>,1,t.production_year,>,1997#37167483
movie_info_idx mi_idx,movie_keyword mk,title t,movie_companies mc#t.id=mc.movie_id,t.id=mk.movie_id,t.id=mi_idx.movie_id#t.kind_id,=,7,t.production_year,<,2006#1823040
movie_info mi,movie_companies mc,title t,movie_info_idx mi_idx#t.id=mi_idx.movie_id,t.id=mc.movie_id,t.id=mi.movie_id#t.kind_id,=,7,mi_idx.info_type_id,=,99#4171813
cast_info ci,movie_info mi,title t,movie_keyword mk#t.id=mk.movie_id,t.id=mi.movie_id,t.id=ci.movie_id#ci.person_id,<,2541335,mi.info_type_id,<,16,t.kind_id,>,1,t.production_year,>,1964#456810061
cast_info ci,movie_companies mc,title t,movie_info mi#t.id=mi.movie_id,t.id=mc.movie_id,t.id=ci.movie_id#mc.company_id,<,11156,mi.info_type_id,=,4#49215766
movie_keyword mk,cast_info ci,title t,movie_info_idx mi_idx#t.id=mi_idx.movie_id,t.id=ci.movie_id,t.id=mk.movie_id#mk.keyword_id,=,53879,ci.person_id,>,796094,mi_idx.info_type_id,<,100#510
movie_info mi,cast_info ci,title t,movie_companies mc#t.id=mc.movie_id,t.id=ci.movie_id,t.id=mi.movie_id##5783682388
movie_companies mc,movie_info mi,title t,movie_info_idx mi_idx#t.id=mi_idx.movie_id,t.id=mi.movie_id,t.id=mc.movie_id#t.kind_id,<,7,t.production_year,=,2011#6052396
movie_companies mc,movie_info_idx mi_idx,title t,movie_info mi#t.id=mi.movie_id,t.id=mi_idx.movie_id,t.id=mc.movie_id#mc.company_id,>,11437,mc.company_type_id,<,2,mi_idx.info_type_id,=,100,mi.info_type_id,>,94#2371507
movie_keyword mk,movie_companies mc,title t,movie_info mi#t.id=mi.movie_id,t.id=mc.movie_id,t.id=mk.movie_id#mk.keyword_id,>,5150#2550106205
cast_info ci,movie_info mi,title t,movie_keyword mk#t.id=mk.movie_id,t.id=mi.movie_id,t.id=ci.movie_id#ci.person_id,>,1719110,mi.info_type_id,=,13,t.kind_id,<,4,t.production_year,=,2009,mk.keyword_id,<,70#513240
movie_keyword mk,movie_info_idx mi_idx,title t,cast_info ci#t.id=ci.movie_id,t.id=mi_idx.movie_id,t.id=mk.movie_id#mi_idx.info_type_id,=,99,t.kind_id,=,7,t.production_year,>,1967#15923594
movie_info_idx mi_idx,movie_keyword mk,title t,movie_info mi#t.id=mi.movie_id,t.id=mk.movie_id,t.id=mi_idx.movie_id#mi_idx.info_type_id,>,100,t.kind_id,<,7#237389554
cast_info ci,movie_info_idx mi_idx,title t,movie_keyword mk#t.id=mk.movie_id,t.id=mi_idx.movie_id,t.id=ci.movie_id#ci.person_id,=,976846,mi_idx.info_type_id,>,100,t.kind_id,>,1#16
movie_info_idx mi_idx,movie_keyword mk,title t,movie_info mi#t.id=mi.movie_id,t.id=mk.movie_id,t.id=mi_idx.movie_id#mi_idx.info_type_id,<,101,mi.info_type_id,>,17#132755430
movie_info_idx mi_idx,movie_keyword mk,title t,movie_info mi#t.id=mi.movie_id,t.id=mk.movie_id,t.id=mi_idx.movie_id##696176855
movie_info mi,movie_companies mc,title t,movie_info_idx mi_idx#t.id=mi_idx.movie_id,t.id=mc.movie_id,t.id=mi.movie_id#mc.company_id,>,19969,mc.company_type_id,>,1,mi_idx.info_type_id,<,100#8909124
cast_info ci,movie_info mi,title t,movie_info_idx mi_idx#t.id=mi_idx.movie_id,t.id=mi.movie_id,t.id=ci.movie_id#mi.info_type_id,>,2,t.kind_id,=,7,t.production_year,<,2007,mi_idx.info_type_id,=,100#28509161
movie_info mi,cast_info ci,title t,movie_keyword mk#t.id=mk.movie_id,t.id=ci.movie_id,t.id=mi.movie_id#mi.info_type_id,<,3,mk.keyword_id,>,29254#67852308
cast_info ci,movie_keyword mk,title t,movie_info_idx mi_idx#t.id=mi_idx.movie_id,t.id=mk.movie_id,t.id=ci.movie_id#mk.keyword_id,=,498,t.kind_id,<,7#391084
movie_info_idx mi_idx,movie_info mi,title t,cast_info ci#t.id=ci.movie_id,t.id=mi.movie_id,t.id=mi_idx.movie_id#ci.person_id,>,887534,ci.role_id,>,2#466881143
cast_info ci,movie_companies mc,title t,movie_info_idx mi_idx#t.id=mi_idx.movie_id,t.id=mc.movie_id,t.id=ci.movie_id#mc.company_id,>,2172,t.kind_id,<,7#110084306
movie_keyword mk,movie_info mi,title t,movie_info_idx mi_idx#t.id=mi_idx.movie_id,t.id=mi.movie_id,t.id=mk.movie_id#mi.info_type_id,>,3#650931573
movie_companies mc,movie_info_idx mi_idx,title t,cast_info ci#t.id=ci.movie_id,t.id=mi_idx.movie_id,t.id=mc.movie_id#mc.company_id,>,133,t.kind_id,<,7,t.production_year,=,1990,ci.person_id,=,2501191#15
movie_info mi,cast_info ci,title t,movie_companies mc#t.id=mc.movie_id,t.id=ci.movie_id,t.id=mi.movie_id#mi.info_type_id,<,6,t.kind_id,=,3,t.production_year,<,2011,mc.company_id,<,2805,mc.company_type_id,>,1#4481059
movie_info_idx mi_idx,movie_keyword mk,title t,movie_companies mc#t.id=mc.movie_id,t.id=mk.movie_id,t.id=mi_idx.movie_id#mi_idx.info_type_id,<,101,t.kind_id,=,1,t.production_year,<,1971,mc.company_id,>,2050,mc.company_type_id,=,2#1431710
movie_companies mc,movie_info_idx mi_idx,title t,movie_keyword mk#t.id=mk.movie_id,t.id=mi_idx.movie_id,t.id=mc.movie_id#mi_idx.info_type_id,=,100,t.kind_id,<,7,t.production_year,=,2006#1378101
movie_keyword mk,movie_info_idx mi_idx,title t,movie_info mi#t.id=mi.movie_id,t.id=mi_idx.movie_id,t.id=mk.movie_id#mk.keyword_id,=,1#723204
movie_info_idx mi_idx,movie_keyword mk,title t,movie_info mi#t.id=mi.movie_id,t.id=mk.movie_id,t.id=mi_idx.movie_id#mk.keyword_id,=,8234#99943
movie_info mi,movie_keyword mk,title t,movie_info_idx mi_idx#t.id=mi_idx.movie_id,t.id=mk.movie_id,t.id=mi.movie_id#mi.info_type_id,>,7,mk.keyword_id,>,56,t.kind_id,<,3,mi_idx.info_type_id,>,101#14177193
movie_keyword mk,movie_info mi,title t,movie_info_idx mi_idx#t.id=mi_idx.movie_id,t.id=mi.movie_id,t.id=mk.movie_id#mi_idx.info_type_id,<,100#226695005
cast_info ci,movie_info mi,title t,movie_companies mc#t.id=mc.movie_id,t.id=mi.movie_id,t.id=ci.movie_id#ci.person_id,<,2888027,mi.info_type_id,>,18,t.kind_id,=,7,t.production_year,=,2010#1198768
cast_info ci,movie_info mi,title t,movie_info_idx mi_idx#t.id=mi_idx.movie_id,t.id=mi.movie_id,t.id=ci.movie_id#mi.info_type_id,>,5#877586015
cast_info ci,movie_keyword mk,title t,movie_info_idx mi_idx#t.id=mi_idx.movie_id,t.id=mk.movie_id,t.id=ci.movie_id#ci.person_id,>,1751949,t.kind_id,=,1,t.production_year,=,2010,mi_idx.info_type_id,=,99#3916227
movie_keyword mk,movie_companies mc,title t,movie_info mi#t.id=mi.movie_id,t.id=mc.movie_id,t.id=mk.movie_id#mk.keyword_id,<,927,t.kind_id,<,7,mi.info_type_id,>,18#229039222
movie_info_idx mi_idx,movie_info mi,title t,movie_keyword mk#t.id=mk.movie_id,t.id=mi.movie_id,t.id=mi_idx.movie_id#mi_idx.info_type_id,>,100,mi.info_type_id,<,16#113646026
movie_info mi,movie_keyword mk,title t,cast_info ci#t.id=ci.movie_id,t.id=mk.movie_id,t.id=mi.movie_id#t.kind_id,=,7,t.production_year,>,2005#168543837
movie_info mi,movie_info_idx mi_idx,title t,cast_info ci#t.id=ci.movie_id,t.id=mi_idx.movie_id,t.id=mi.movie_id#t.kind_id,=,7#152991738
movie_keyword mk,movie_info mi,title t,movie_companies mc#t.id=mc.movie_id,t.id=mi.movie_id,t.id=mk.movie_id#mc.company_id,=,12126#4764617
cast_info ci,movie_keyword mk,title t,movie_info mi#t.id=mi.movie_id,t.id=mk.movie_id,t.id=ci.movie_id#mk.keyword_id,<,383,t.kind_id,>,1#97576633
movie_keyword mk,movie_info_idx mi_idx,title t,cast_info ci#t.id=ci.movie_id,t.id=mi_idx.movie_id,t.id=mk.movie_id#mk.keyword_id,=,3729,ci.person_id,<,1615955#13088
movie_keyword mk,movie_info_idx mi_idx,title t,movie_info mi#t.id=mi.movie_id,t.id=mi_idx.movie_id,t.id=mk.movie_id#mk.keyword_id,<,26039#579389906
cast_info ci,movie_info mi,title t,movie_keyword mk#t.id=mk.movie_id,t.id=mi.movie_id,t.id=ci.movie_id#ci.person_id,>,3461716,ci.role_id,=,10,t.kind_id,=,4,t.production_year,=,2003,mk.keyword_id,<,130000#847292
movie_info_idx mi_idx,movie_info mi,title t,movie_keyword mk#t.id=mk.movie_id,t.id=mi.movie_id,t.id=mi_idx.movie_id#mi_idx.info_type_id,=,100#226695005
movie_keyword mk,movie_companies mc,title t,movie_info_idx mi_idx#t.id=mi_idx.movie_id,t.id=mc.movie_id,t.id=mk.movie_id#mk.keyword_id,>,117#98529211
movie_companies mc,movie_keyword mk,title t,cast_info ci#t.id=ci.movie_id,t.id=mk.movie_id,t.id=mc.movie_id#mc.company_id,<,33191,mc.company_type_id,<,2,t.kind_id,<,7,ci.person_id,<,2438390,ci.role_id,=,1#802794409
cast_info ci,movie_info mi,title t,movie_info_idx mi_idx#t.id=mi_idx.movie_id,t.id=mi.movie_id,t.id=ci.movie_id#t.kind_id,<,7,t.production_year,<,2007,mi_idx.info_type_id,=,101#234812784
cast_info ci,movie_info_idx mi_idx,title t,movie_companies mc#t.id=mc.movie_id,t.id=mi_idx.movie_id,t.id=ci.movie_id#ci.person_id,>,1347118,ci.role_id,>,10,t.kind_id,=,1,mc.company_id,<,68902,mc.company_type_id,<,2#524054
cast_info ci,movie_companies mc,title t,movie_info mi#t.id=mi.movie_id,t.id=mc.movie_id,t.id=ci.movie_id##5783682388
movie_keyword mk,movie_info_idx mi_idx,title t,movie_companies mc#t.id=mc.movie_id,t.id=mi_idx.movie_id,t.id=mk.movie_id#mi_idx.info_type_id,=,101#33227886
movie_keyword mk,movie_companies mc,title t,movie_info mi#t.id=mi.movie_id,t.id=mc.movie_id,t.id=mk.movie_id#mk.keyword_id,=,52,mc.company_id,<,297,mi.info_type_id,=,16#19913
movie_info_idx mi_idx,movie_keyword mk,title t,cast_info ci#t.id=ci.movie_id,t.id=mk.movie_id,t.id=mi_idx.movie_id#t.kind_id,=,1,ci.person_id,=,2932426#18
movie_keyword mk,movie_companies mc,title t,cast_info ci#t.id=ci.movie_id,t.id=mc.movie_id,t.id=mk.movie_id#mc.company_id,<,11373,t.kind_id,=,7#61476395
movie_info_idx mi_idx,cast_info ci,title t,movie_companies mc#t.id=mc.movie_id,t.id=ci.movie_id,t.id=mi_idx.movie_id#mi_idx.info_type_id,>,99,ci.person_id,<,2739777,t.kind_id,<,6,t.production_year,<,2001,mc.company_id,<,656#5687473
movie_info_idx mi_idx,cast_info ci,title t,movie_keyword mk#t.id=mk.movie_id,t.id=ci.movie_id,t.id=mi_idx.movie_id#ci.person_id,<,3104799,ci.role_id,<,4,mk.keyword_id,>,15893#90706047
movie_info_idx mi_idx,cast_info ci,title t,movie_keyword mk#t.id=mk.movie_id,t.id=ci.movie_id,t.id=mi_idx.movie_id#ci.person_id,<,900303#162465396
cast_info ci,movie_keyword mk,title t,movie_info_idx mi_idx#t.id=mi_idx.movie_id,t.id=mk.movie_id,t.id=ci.movie_id#ci.person_id,>,3964371,t.kind_id,=,7,t.production_year,=,2005,mi_idx.info_type_id,<,100#19185
cast_info ci,movie_info mi,title t,movie_keyword mk#t.id=mk.movie_id,t.id=mi.movie_id,t.id=ci.movie_id#ci.person_id,=,1137716,ci.role_id,>,4,t.kind_id,<,7,mk.keyword_id,<,875#1419
movie_companies mc,movie_info_idx mi_idx,title t,cast_info ci#t.id=ci.movie_id,t.id=mi_idx.movie_id,t.id=mc.movie_id#mc.company_id,<,91754,t.kind_id,=,7,t.production_year,=,2008#2359578
cast_info ci,movie_info mi,title t,movie_keyword mk#t.id=mk.movie_id,t.id=mi.movie_id,t.id=ci.movie_id#mi.info_type_id,=,7,mk.keyword_id,=,6848#226987
movie_info_idx mi_idx,cast_info ci,title t,movie_info mi#t.id=mi.movie_id,t.id=ci.movie_id,t.id=mi_idx.movie_id#ci.person_id,<,2832365,t.kind_id,>,1,mi.info_type_id,<,16#123985452
movie_info mi,movie_info_idx mi_idx,title t,movie_keyword mk#t.id=mk.movie_id,t.id=mi_idx.movie_id,t.id=mi.movie_id#t.kind_id,<,7,mk.keyword_id,<,870#110101214
movie_keyword mk,movie_info_idx mi_idx,title t,cast_info ci#t.id=ci.movie_id,t.id=mi_idx.movie_id,t.id=mk.movie_id#mi_idx.info_type_id,=,100,t.kind_id,<,7,t.production_year,>,2003#73625279
movie_companies mc,movie_info_idx mi_idx,title t,movie_info mi#t.id=mi.movie_id,t.id=mi_idx.movie_id,t.id=mc.movie_id#mc.company_id,<,774#35216578
cast_info ci,movie_companies mc,title t,movie_info_idx mi_idx#t.id=mi_idx.movie_id,t.id=mc.movie_id,t.id=ci.movie_id#ci.person_id,>,317132,ci.role_id,<,2#53323332
movie_info_idx mi_idx,cast_info ci,title t,movie_info mi#t.id=mi.movie_id,t.id=ci.movie_id,t.id=mi_idx.movie_id#ci.person_id,<,761388,ci.role_id,=,3,mi.info_type_id,>,4#14610915
movie_info_idx mi_idx,cast_info ci,title t,movie_keyword mk#t.id=mk.movie_id,t.id=ci.movie_id,t.id=mi_idx.movie_id#ci.person_id,>,1091187#410258585
cast_info ci,movie_info mi,title t,movie_keyword mk#t.id=mk.movie_id,t.id=mi.movie_id,t.id=ci.movie_id#mk.keyword_id,>,2549#17132101519
movie_companies mc,movie_info_idx mi_idx,title t,movie_keyword mk#t.id=mk.movie_id,t.id=mi_idx.movie_id,t.id=mc.movie_id#mc.company_id,=,711,mk.keyword_id,<,12540#1080
movie_info mi,movie_info_idx mi_idx,title t,movie_keyword mk#t.id=mk.movie_id,t.id=mi_idx.movie_id,t.id=mi.movie_id#mi.info_type_id,<,18,t.kind_id,>,1,mk.keyword_id,=,17380#351
cast_info ci,movie_info mi,title t,movie_info_idx mi_idx#t.id=mi_idx.movie_id,t.id=mi.movie_id,t.id=ci.movie_id#ci.person_id,=,2781182,mi.info_type_id,=,4#429
movie_info_idx mi_idx,movie_info mi,title t,movie_keyword mk#t.id=mk.movie_id,t.id=mi.movie_id,t.id=mi_idx.movie_id#mi_idx.info_type_id,=,99#226695005
movie_keyword mk,cast_info ci,title t,movie_info mi#t.id=mi.movie_id,t.id=ci.movie_id,t.id=mk.movie_id#mk.keyword_id,<,63677,ci.person_id,>,2824229,t.kind_id,=,2,t.production_year,>,2011,mi.info_type_id,<,7#77622
movie_info mi,movie_companies mc,title t,movie_info_idx mi_idx#t.id=mi_idx.movie_id,t.id=mc.movie_id,t.id=mi.movie_id#mc.company_id,=,1782#606
movie_companies mc,movie_keyword mk,title t,movie_info mi#t.id=mi.movie_id,t.id=mk.movie_id,t.id=mc.movie_id#t.kind_id,<,7,t.production_year,=,2013#10577205
movie_info_idx mi_idx,movie_companies mc,title t,movie_info mi#t.id=mi.movie_id,t.id=mc.movie_id,t.id=mi_idx.movie_id#mc.company_id,<,19,mi.info_type_id,=,3#57538
movie_keyword mk,movie_info mi,title t,cast_info ci#t.id=ci.movie_id,t.id=mi.movie_id,t.id=mk.movie_id#mk.keyword_id,<,20948,mi.info_type_id,>,105,t.kind_id,<,7,t.production_year,=,1978,ci.person_id,<,1793126,ci.role_id,>,10#8591
cast_info ci,movie_keyword mk,title t,movie_info mi#t.id=mi.movie_id,t.id=mk.movie_id,t.id=ci.movie_id#ci.person_id,>,900419,mk.keyword_id,<,22407,t.kind_id,>,1,t.production_year,>,2009,mi.info_type_id,>,16#13718204
movie_companies mc,movie_info mi,title t,movie_keyword mk#t.id=mk.movie_id,t.id=mi.movie_id,t.id=mc.movie_id#mi.info_type_id,<,4,mk.keyword_id,>,62909#10276240
movie_info mi,movie_info_idx mi_idx,title t,cast_info ci#t.id=ci.movie_id,t.id=mi_idx.movie_id,t.id=mi.movie_id#mi.info_type_id,<,3,mi_idx.info_type_id,=,100,t.kind_id,>,1,t.production_year,<,2005,ci.person_id,<,1171258#2145831
cast_info ci,movie_info_idx mi_idx,title t,movie_keyword mk#t.id=mk.movie_id,t.id=mi_idx.movie_id,t.id=ci.movie_id#ci.person_id,=,613413,ci.role_id,<,8,mi_idx.info_type_id,=,100#269
movie_keyword mk,movie_info_idx mi_idx,title t,movie_companies mc#t.id=mc.movie_id,t.id=mi_idx.movie_id,t.id=mk.movie_id#mi_idx.info_type_id,<,101,mc.company_id,<,11496#38747728
movie_info_idx mi_idx,movie_companies mc,title t,movie_keyword mk#t.id=mk.movie_id,t.id=mc.movie_id,t.id=mi_idx.movie_id#mc.company_id,=,12078,mk.keyword_id,<,30259#2580
movie_keyword mk,movie_info_idx mi_idx,movie_info mi,title t,cast_info ci#t.id=ci.movie_id,t.id=mi.movie_id,t.id=mi_idx.movie_id,t.id=mk.movie_id#mi_idx.info_type_id,>,101,ci.person_id,<,2409611,ci.role_id,>,10#11162088
movie_companies mc,movie_info mi,movie_keyword mk,title t,movie_info_idx mi_idx#t.id=mi_idx.movie_id,t.id=mk.movie_id,t.id=mi.movie_id,t.id=mc.movie_id#mc.company_id,>,70637,mi.info_type_id,=,8#17293459
cast_info ci,movie_companies mc,movie_keyword mk,title t,movie_info mi#t.id=mi.movie_id,t.id=mk.movie_id,t.id=mc.movie_id,t.id=ci.movie_id#mc.company_id,<,18009,mi.info_type_id,>,3#561181340418
movie_info mi,movie_keyword mk,cast_info ci,title t,movie_info_idx mi_idx#t.id=mi_idx.movie_id,t.id=ci.movie_id,t.id=mk.movie_id,t.id=mi.movie_id#mi.info_type_id,<,16,ci.person_id,<,2019164,t.kind_id,<,7,t.production_year,<,1962#1623358662
movie_keyword mk,movie_info_idx mi_idx,movie_companies mc,title t,movie_info mi#t.id=mi.movie_id,t.id=mc.movie_id,t.id=mi_idx.movie_id,t.id=mk.movie_id#mi_idx.info_type_id,=,99,mc.company_id,>,15,t.kind_id,<,7,t.production_year,>,2008,mi.info_type_id,>,7#611087794
movie_keyword mk,cast_info ci,movie_companies mc,title t,movie_info mi#t.id=mi.movie_id,t.id=mc.movie_id,t.id=ci.movie_id,t.id=mk.movie_id#mk.keyword_id,=,8688,ci.person_id,>,174349,ci.role_id,<,10,mc.company_id,<,3263,mc.company_type_id,=,2,mi.info_type_id,>,106#12831
cast_info ci,movie_keyword mk,movie_companies mc,title t,movie_info mi#t.id=mi.movie_id,t.id=mc.movie_id,t.id=mk.movie_id,t.id=ci.movie_id#ci.person_id,<,1342799,ci.role_id,<,10,mk.keyword_id,<,18242,mi.info_type_id,<,2#1063779549
movie_keyword mk,movie_info_idx mi_idx,movie_companies mc,title t,movie_info mi#t.id=mi.movie_id,t.id=mc.movie_id,t.id=mi_idx.movie_id,t.id=mk.movie_id#mi_idx.info_type_id,<,101,mc.company_id,>,115251,t.kind_id,>,1,mi.info_type_id,<,4#990214
movie_companies mc,movie_info mi,movie_keyword mk,title t,cast_info ci#t.id=ci.movie_id,t.id=mk.movie_id,t.id=mi.movie_id,t.id=mc.movie_id#mc.company_id,<,95587,mc.company_type_id,>,1,mi.info_type_id,=,16,t.kind_id,<,7,ci.person_id,<,1340395#3923327060
movie_info mi,movie_keyword mk,cast_info ci,title t,movie_info_idx mi_idx#t.id=mi_idx.movie_id,t.id=ci.movie_id,t.id=mk.movie_id,t.id=mi.movie_id#ci.person_id,>,2910756,ci.role_id,>,3,t.kind_id,=,1,t.production_year,=,2009,mi_idx.info_type_id,=,100#490886157
cast_info ci,movie_companies mc,movie_keyword mk,title t,movie_info_idx mi_idx#t.id=mi_idx.movie_id,t.id=mk.movie_id,t.id=mc.movie_id,t.id=ci.movie_id#ci.person_id,>,890982,mk.keyword_id,=,16686#627068
cast_info ci,movie_companies mc,movie_info_idx mi_idx,title t,movie_info mi#t.id=mi.movie_id,t.id=mi_idx.movie_id,t.id=mc.movie_id,t.id=ci.movie_id#ci.person_id,>,1290114,mc.company_id,>,312,t.kind_id,=,7,t.production_year,<,2012#243346986
movie_info_idx mi_idx,movie_info mi,movie_companies mc,title t,cast_info ci#t.id=ci.movie_id,t.id=mc.movie_id,t.id=mi.movie_id,t.id=mi_idx.movie_id#mi.info_type_id,<,16,mc.company_id,<,596,t.kind_id,<,7,t.production_year,>,1999,ci.person_id,>,2059310,ci.role_id,=,2#49483504
movie_info mi,movie_info_idx mi_idx,movie_keyword mk,title t,movie_companies mc#t.id=mc.movie_id,t.id=mk.movie_id,t.id=mi_idx.movie_id,t.id=mi.movie_id#mi.info_type_id,=,98,mi_idx.info_type_id,>,101#4463303
movie_info_idx mi_idx,cast_info ci,movie_companies mc,title t,movie_info mi#t.id=mi.movie_id,t.id=mc.movie_id,t.id=ci.movie_id,t.id=mi_idx.movie_id#mi_idx.info_type_id,>,99,t.kind_id,=,3,t.production_year,<,2002#81672888
movie_info_idx mi_idx,cast_info ci,movie_info mi,title t,movie_companies mc#t.id=mc.movie_id,t.id=mi.movie_id,t.id=ci.movie_id,t.id=mi_idx.movie_id#mi.info_type_id,<,16,mc.company_id,>,352,mc.company_type_id,>,1#1442863596
movie_info mi,movie_companies mc,movie_keyword mk,title t,movie_info_idx mi_idx#t.id=mi_idx.movie_id,t.id=mk.movie_id,t.id=mc.movie_id,t.id=mi.movie_id#mi.info_type_id,=,6,mc.company_id,<,11238,mk.keyword_id,=,335#144178
cast_info ci,movie_companies mc,movie_info mi,title t,movie_info_idx mi_idx#t.id=mi_idx.movie_id,t.id=mi.movie_id,t.id=mc.movie_id,t.id=ci.movie_id#ci.person_id,<,1885426,ci.role_id,=,1,mi.info_type_id,>,104,t.kind_id,=,1,t.production_year,>,1996#704920533
movie_info mi,movie_companies mc,movie_info_idx mi_idx,title t,movie_keyword mk#t.id=mk.movie_id,t.id=mi_idx.movie_id,t.id=mc.movie_id,t.id=mi.movie_id#mc.company_id,=,549#4794
movie_info_idx mi_idx,cast_info ci,movie_keyword mk,title t,movie_info mi#t.id=mi.movie_id,t.id=mk.movie_id,t.id=ci.movie_id,t.id=mi_idx.movie_id#mi_idx.info_type_id,=,100,t.kind_id,=,7,mi.info_type_id,<,4#26433028
movie_info_idx mi_idx,movie_info mi,movie_keyword mk,title t,cast_info ci#t.id=ci.movie_id,t.id=mk.movie_id,t.id=mi.movie_id,t.id=mi_idx.movie_id#mi_idx.info_type_id,>,100,mk.keyword_id,<,32355,ci.person_id,=,2457750#725
movie_info mi,movie_info_idx mi_idx,cast_info ci,title t,movie_keyword mk#t.id=mk.movie_id,t.id=ci.movie_id,t.id=mi_idx.movie_id,t.id=mi.movie_id#ci.person_id,>,319765,t.kind_id,>,1#2775520560
movie_keyword mk,movie_info mi,movie_info_idx mi_idx,title t,movie_companies mc#t.id=mc.movie_id,t.id=mi_idx.movie_id,t.id=mi.movie_id,t.id=mk.movie_id#mk.keyword_id,>,13017,t.kind_id,<,7,mc.company_id,=,460#6505731
movie_keyword mk,cast_info ci,movie_info_idx mi_idx,title t,movie_info mi#t.id=mi.movie_id,t.id=mi_idx.movie_id,t.id=ci.movie_id,t.id=mk.movie_id#mi_idx.info_type_id,>,99,t.kind_id,>,1,t.production_year,>,2006#597763310
cast_info ci,movie_companies mc,movie_keyword mk,title t,movie_info_idx mi_idx#t.id=mi_idx.movie_id,t.id=mk.movie_id,t.id=mc.movie_id,t.id=ci.movie_id#ci.person_id,=,446805,ci.role_id,>,3,mk.keyword_id,<,2587#81
movie_companies mc,movie_info mi,movie_info_idx mi_idx,title t,movie_keyword mk#t.id=mk.movie_id,t.id=mi_idx.movie_id,t.id=mi.movie_id,t.id=mc.movie_id#mc.company_id,>,17397,mi.info_type_id,<,7,mi_idx.info_type_id,>,101,mk.keyword_id,<,365#400630
movie_info mi,movie_companies mc,cast_info ci,title t,movie_info_idx mi_idx#t.id=mi_idx.movie_id,t.id=ci.movie_id,t.id=mc.movie_id,t.id=mi.movie_id#mi.info_type_id,=,4,mc.company_id,>,28339,t.kind_id,=,7#8824656
movie_info mi,cast_info ci,movie_keyword mk,title t,movie_companies mc#t.id=mc.movie_id,t.id=mk.movie_id,t.id=ci.movie_id,t.id=mi.movie_id#ci.person_id,>,201466,ci.role_id,=,2,mk.keyword_id,<,86290,t.kind_id,=,1,t.production_year,>,2010,mc.company_id,<,76379,mc.company_type_id,>,1#449703087
movie_companies mc,movie_info_idx mi_idx,movie_info mi,title t,cast_info ci#t.id=ci.movie_id,t.id=mi.movie_id,t.id=mi_idx.movie_id,t.id=mc.movie_id#mi.info_type_id,=,16,t.kind_id,<,7,ci.person_id,>,440345#2355876034
movie_keyword mk,cast_info ci,movie_companies mc,title t,movie_info_idx mi_idx#t.id=mi_idx.movie_id,t.id=mc.movie_id,t.id=ci.movie_id,t.id=mk.movie_id#ci.person_id,<,311385,mc.company_id,<,7975,mi_idx.info_type_id,=,101#133583027
movie_info_idx mi_idx,cast_info ci,movie_companies mc,title t,movie_keyword mk#t.id=mk.movie_id,t.id=mc.movie_id,t.id=ci.movie_id,t.id=mi_idx.movie_id#mi_idx.info_type_id,<,100,mc.company_id,>,5026,t.kind_id,=,7,t.production_year,>,1964#21474684
movie_companies mc,cast_info ci,movie_keyword mk,title t,movie_info mi#t.id=mi.movie_id,t.id=mk.movie_id,t.id=ci.movie_id,t.id=mc.movie_id#mk.keyword_id,>,3921,t.kind_id,=,1,t.production_year,=,2005,mi.info_type_id,<,7#2916774416
movie_info_idx mi_idx,movie_keyword mk,cast_info ci,title t,movie_info mi#t.id=mi.movie_id,t.id=ci.movie_id,t.id=mk.movie_id,t.id=mi_idx.movie_id#mi_idx.info_type_id,=,100,mk.keyword_id,>,1514,ci.person_id,=,2965244,mi.info_type_id,<,15#1984
movie_info mi,movie_companies mc,cast_info ci,title t,movie_keyword mk#t.id=mk.movie_id,t.id=ci.movie_id,t.id=mc.movie_id,t.id=mi.movie_id#mc.company_id,<,86468,mc.company_type_id,=,1,ci.person_id,<,2240313,ci.role_id,=,1,t.kind_id,<,7,mk.keyword_id,>,5120#97485812120
cast_info ci,movie_info_idx mi_idx,movie_info mi,title t,movie_keyword mk#t.id=mk.movie_id,t.id=mi.movie_id,t.id=mi_idx.movie_id,t.id=ci.movie_id#ci.person_id,<,1997287#41894721836
cast_info ci,movie_info_idx mi_idx,movie_companies mc,title t,movie_keyword mk#t.id=mk.movie_id,t.id=mc.movie_id,t.id=mi_idx.movie_id,t.id=ci.movie_id#mi_idx.info_type_id,>,99,mc.company_id,=,17380,mc.company_type_id,>,1,mk.keyword_id,<,7426#2112
cast_info ci,movie_keyword mk,movie_info mi,title t,movie_companies mc#t.id=mc.movie_id,t.id=mi.movie_id,t.id=mk.movie_id,t.id=ci.movie_id#mc.company_id,>,92#639697160302
movie_info_idx mi_idx,movie_keyword mk,cast_info ci,title t,movie_info mi#t.id=mi.movie_id,t.id=ci.movie_id,t.id=mk.movie_id,t.id=mi_idx.movie_id#mk.keyword_id,<,7771,ci.person_id,=,1166738#648
movie_keyword mk,cast_info ci,movie_info_idx mi_idx,title t,movie_companies mc#t.id=mc.movie_id,t.id=mi_idx.movie_id,t.id=ci.movie_id,t.id=mk.movie_id#mk.keyword_id,>,19860,ci.person_id,=,3158882#246
movie_companies mc,movie_info_idx mi_idx,movie_keyword mk,title t,movie_info mi#t.id=mi.movie_id,t.id=mk.movie_id,t.id=mi_idx.movie_id,t.id=mc.movie_id#t.kind_id,<,7,t.production_year,=,2004,mi.info_type_id,<,4#20970629
movie_info_idx mi_idx,cast_info ci,movie_keyword mk,title t,movie_companies mc#t.id=mc.movie_id,t.id=mk.movie_id,t.id=ci.movie_id,t.id=mi_idx.movie_id#mi_idx.info_type_id,<,100,ci.person_id,>,3528859,t.kind_id,>,1,t.production_year,=,2007#1826214
movie_keyword mk,movie_info_idx mi_idx,movie_companies mc,title t,cast_info ci#t.id=ci.movie_id,t.id=mc.movie_id,t.id=mi_idx.movie_id,t.id=mk.movie_id#mi_idx.info_type_id,=,101,ci.person_id,>,2171316,ci.role_id,>,1#1334513220
movie_keyword mk,movie_info_idx mi_idx,cast_info ci,title t,movie_info mi#t.id=mi.movie_id,t.id=ci.movie_id,t.id=mi_idx.movie_id,t.id=mk.movie_id#mk.keyword_id,>,12114,ci.person_id,=,1341107#36
movie_companies mc,movie_info_idx mi_idx,movie_keyword mk,title t,movie_info mi#t.id=mi.movie_id,t.id=mk.movie_id,t.id=mi_idx.movie_id,t.id=mc.movie_id##15099690486
movie_info mi,movie_companies mc,movie_keyword mk,title t,cast_info ci#t.id=ci.movie_id,t.id=mk.movie_id,t.id=mc.movie_id,t.id=mi.movie_id#mi.info_type_id,>,16#287952394774
movie_keyword mk,movie_info_idx mi_idx,movie_companies mc,title t,cast_info ci#t.id=ci.movie_id,t.id=mc.movie_id,t.id=mi_idx.movie_id,t.id=mk.movie_id#mk.keyword_id,>,5043,mc.company_id,>,8112,t.kind_id,<,7,t.production_year,<,2006#1343578992
movie_keyword mk,movie_info_idx mi_idx,movie_info mi,title t,cast_info ci#t.id=ci.movie_id,t.id=mi.movie_id,t.id=mi_idx.movie_id,t.id=mk.movie_id##78771931233
movie_info mi,movie_companies mc,movie_info_idx mi_idx,title t,cast_info ci#t.id=ci.movie_id,t.id=mi_idx.movie_id,t.id=mc.movie_id,t.id=mi.movie_id#mi.info_type_id,<,8,mi_idx.info_type_id,=,101,ci.person_id,=,2843975#18
movie_info mi,movie_keyword mk,cast_info ci,title t,movie_info_idx mi_idx#t.id=mi_idx.movie_id,t.id=ci.movie_id,t.id=mk.movie_id,t.id=mi.movie_id#mi.info_type_id,>,3,t.kind_id,=,7,t.production_year,=,1977#3647691
movie_info mi,movie_companies mc,movie_keyword mk,title t,cast_info ci#t.id=ci.movie_id,t.id=mk.movie_id,t.id=mc.movie_id,t.id=mi.movie_id#mc.company_id,>,11,mk.keyword_id,<,870,t.kind_id,=,7,ci.person_id,=,291966#366
cast_info ci,movie_keyword mk,movie_info_idx mi_idx,title t,movie_info mi#t.id=mi.movie_id,t.id=mi_idx.movie_id,t.id=mk.movie_id,t.id=ci.movie_id#ci.person_id,<,3453843,ci.role_id,>,9,mk.keyword_id,<,1074,mi_idx.info_type_id,>,99,t.kind_id,<,7,mi.info_type_id,>,7#1372667074
movie_info_idx mi_idx,movie_companies mc,movie_info mi,title t,cast_info ci#t.id=ci.movie_id,t.id=mi.movie_id,t.id=mc.movie_id,t.id=mi_idx.movie_id#mi_idx.info_type_id,>,100,mc.company_id,>,91513,t.kind_id,<,7#351103541
cast_info ci,movie_info_idx mi_idx,movie_keyword mk,title t,movie_companies mc#t.id=mc.movie_id,t.id=mk.movie_id,t.id=mi_idx.movie_id,t.id=ci.movie_id#ci.person_id,<,1119376,mk.keyword_id,<,4346,t.kind_id,<,7,t.production_year,<,1996,mc.company_id,<,11118#264073380
cast_info ci,movie_keyword mk,movie_info mi,title t,movie_companies mc#t.id=mc.movie_id,t.id=mi.movie_id,t.id=mk.movie_id,t.id=ci.movie_id#mk.keyword_id,<,231#25045154917
movie_info_idx mi_idx,movie_companies mc,movie_info mi,title t,movie_keyword mk#t.id=mk.movie_id,t.id=mi.movie_id,t.id=mc.movie_id,t.id=mi_idx.movie_id#mi.info_type_id,=,17#1385532362
cast_info ci,movie_keyword mk,movie_companies mc,title t,movie_info_idx mi_idx#t.id=mi_idx.movie_id,t.id=mc.movie_id,t.id=mk.movie_id,t.id=ci.movie_id#mk.keyword_id,<,10110,t.kind_id,<,6,t.production_year,<,1991#1231370996
cast_info ci,movie_info mi,movie_companies mc,title t,movie_keyword mk#t.id=mk.movie_id,t.id=mc.movie_id,t.id=mi.movie_id,t.id=ci.movie_id#mi.info_type_id,<,3,mc.company_id,<,78291,mc.company_type_id,>,1,t.kind_id,<,7,t.production_year,>,2011,mk.keyword_id,>,2337#16758324
movie_info mi,cast_info ci,movie_keyword mk,title t,movie_info_idx mi_idx#t.id=mi_idx.movie_id,t.id=mk.movie_id,t.id=ci.movie_id,t.id=mi.movie_id#mk.keyword_id,<,25537,mi_idx.info_type_id,>,99#44142613715
movie_keyword mk,movie_info mi,movie_companies mc,title t,cast_info ci#t.id=ci.movie_id,t.id=mc.movie_id,t.id=mi.movie_id,t.id=mk.movie_id#mi.info_type_id,<,8,mc.company_id,>,11245,t.kind_id,<,7,t.production_year,>,1990,ci.person_id,<,3484131#29971385468
movie_info_idx mi_idx,movie_companies mc,movie_keyword mk,title t,movie_info mi#t.id=mi.movie_id,t.id=mk.movie_id,t.id=mc.movie_id,t.id=mi_idx.movie_id#mi_idx.info_type_id,>,99,mc.company_id,=,34511,mi.info_type_id,>,3#67300
movie_companies mc,movie_info mi,cast_info ci,title t,movie_keyword mk#t.id=mk.movie_id,t.id=ci.movie_id,t.id=mi.movie_id,t.id=mc.movie_id#ci.person_id,=,3007394,t.kind_id,=,7,t.production_year,<,2010#18072
movie_info_idx mi_idx,movie_keyword mk,cast_info ci,title t,movie_info mi#t.id=mi.movie_id,t.id=ci.movie_id,t.id=mk.movie_id,t.id=mi_idx.movie_id#t.kind_id,=,7,t.production_year,>,2007#352523400
cast_info ci,movie_companies mc,movie_info_idx mi_idx,title t,movie_keyword mk#t.id=mk.movie_id,t.id=mi_idx.movie_id,t.id=mc.movie_id,t.id=ci.movie_id#ci.person_id,<,2778058,t.kind_id,<,7,mk.keyword_id,>,107#6162872427
movie_companies mc,movie_info_idx mi_idx,movie_info mi,title t,movie_keyword mk#t.id=mk.movie_id,t.id=mi.movie_id,t.id=mi_idx.movie_id,t.id=mc.movie_id#mi.info_type_id,>,2#14854186760
movie_keyword mk,cast_info ci,movie_info_idx mi_idx,title t,movie_info mi#t.id=mi.movie_id,t.id=mi_idx.movie_id,t.id=ci.movie_id,t.id=mk.movie_id#mi.info_type_id,<,2#752376921
movie_info_idx mi_idx,movie_keyword mk,movie_companies mc,title t,movie_info mi#t.id=mi.movie_id,t.id=mc.movie_id,t.id=mk.movie_id,t.id=mi_idx.movie_id#mi_idx.info_type_id,>,101,mc.company_id,>,12501,t.kind_id,<,2,t.production_year,<,1992#59925749
movie_keyword mk,movie_companies mc,cast_info ci,title t,movie_info mi#t.id=mi.movie_id,t.id=ci.movie_id,t.id=mc.movie_id,t.id=mk.movie_id#ci.person_id,>,3413581,t.kind_id,=,1,t.production_year,=,1975,mi.info_type_id,=,17#16149118
movie_companies mc,cast_info ci,movie_info mi,title t,movie_keyword mk#t.id=mk.movie_id,t.id=mi.movie_id,t.id=ci.movie_id,t.id=mc.movie_id#mc.company_id,>,1880,mc.company_type_id,=,1#386318318178
movie_companies mc,movie_keyword mk,movie_info_idx mi_idx,title t,movie_info mi#t.id=mi.movie_id,t.id=mi_idx.movie_id,t.id=mk.movie_id,t.id=mc.movie_id#mk.keyword_id,<,11604,t.kind_id,=,7,t.production_year,=,2004,mi.info_type_id,=,3#23316
cast_info ci,movie_companies mc,movie_info_idx mi_idx,title t,movie_keyword mk#t.id=mk.movie_id,t.id=mi_idx.movie_id,t.id=mc.movie_id,t.id=ci.movie_id#mi_idx.info_type_id,>,99,mk.keyword_id,<,1322#1313180043
movie_companies mc,movie_keyword mk,cast_info ci,title t,movie_info mi#t.id=mi.movie_id,t.id=ci.movie_id,t.id=mk.movie_id,t.id=mc.movie_id#ci.person_id,<,3670024#539472050955
movie_keyword mk,cast_info ci,movie_companies mc,title t,movie_info mi#t.id=mi.movie_id,t.id=mc.movie_id,t.id=ci.movie_id,t.id=mk.movie_id#mk.keyword_id,>,4458,ci.person_id,>,1038949,mc.company_id,<,11146,t.kind_id,>,1,t.production_year,>,1977,mi.info_type_id,<,98#1770344681
movie_companies mc,cast_info ci,movie_info_idx mi_idx,title t,movie_info mi#t.id=mi.movie_id,t.id=mi_idx.movie_id,t.id=ci.movie_id,t.id=mc.movie_id#mi_idx.info_type_id,=,101#5655959939
movie_info mi,movie_keyword mk,cast_info ci,title t,movie_info_idx mi_idx#t.id=mi_idx.movie_id,t.id=ci.movie_id,t.id=mk.movie_id,t.id=mi.movie_id#mi.info_type_id,<,7,ci.person_id,>,2646763,ci.role_id,<,10#754814578
movie_keyword mk,movie_info mi,movie_info_idx mi_idx,title t,cast_info ci#t.id=ci.movie_id,t.id=mi_idx.movie_id,t.id=mi.movie_id,t.id=mk.movie_id#mk.keyword_id,=,335,ci.person_id,<,2625958#79087436
movie_companies mc,movie_info_idx mi_idx,movie_keyword mk,title t,cast_info ci#t.id=ci.movie_id,t.id=mk.movie_id,t.id=mi_idx.movie_id,t.id=mc.movie_id#mc.company_id,<,63481,mc.company_type_id,>,1,t.kind_id,=,7,t.production_year,>,2012,ci.person_id,<,2160080,ci.role_id,>,1#131688
movie_info_idx mi_idx,cast_info ci,movie_keyword mk,title t,movie_info mi#t.id=mi.movie_id,t.id=mk.movie_id,t.id=ci.movie_id,t.id=mi_idx.movie_id#mk.keyword_id,>,115,t.kind_id,<,7,mi.info_type_id,<,2#703183820
movie_info mi,movie_companies mc,cast_info ci,title t,movie_keyword mk#t.id=mk.movie_id,t.id=ci.movie_id,t.id=mc.movie_id,t.id=mi.movie_id#mi.info_type_id,>,2,mc.company_id,>,138341#11106318731
movie_keyword mk,movie_info_idx mi_idx,movie_info mi,title t,movie_companies mc#t.id=mc.movie_id,t.id=mi.movie_id,t.id=mi_idx.movie_id,t.id=mk.movie_id#mi_idx.info_type_id,>,99,mc.company_id,<,32751#9235986185
movie_info_idx mi_idx,movie_companies mc,cast_info ci,title t,movie_keyword mk#t.id=mk.movie_id,t.id=ci.movie_id,t.id=mc.movie_id,t.id=mi_idx.movie_id#mi_idx.info_type_id,>,99,t.kind_id,>,1,t.production_year,<,1977#16422670
movie_companies mc,movie_info mi,movie_keyword mk,title t,cast_info ci#t.id=ci.movie_id,t.id=mk.movie_id,t.id=mi.movie_id,t.id=mc.movie_id#mc.company_id,>,46930,mc.company_type_id,>,1,mk.keyword_id,=,3402,t.kind_id,<,7,t.production_year,>,1960#3155833
cast_info ci,movie_keyword mk,movie_info_idx mi_idx,title t,movie_companies mc#t.id=mc.movie_id,t.id=mi_idx.movie_id,t.id=mk.movie_id,t.id=ci.movie_id#t.kind_id,=,1,t.production_year,>,2009,mc.company_id,<,11872#704606683
cast_info ci,movie_info mi,movie_keyword mk,title t,movie_info_idx mi_idx#t.id=mi_idx.movie_id,t.id=mk.movie_id,t.id=mi.movie_id,t.id=ci.movie_id#t.kind_id,=,1,t.production_year,<,1989#13410672589
movie_companies mc,movie_info mi,movie_info_idx mi_idx,title t,movie_keyword mk#t.id=mk.movie_id,t.id=mi_idx.movie_id,t.id=mi.movie_id,t.id=mc.movie_id#mc.company_id,>,1284,t.kind_id,=,7,mk.keyword_id,>,12857#10961574
movie_info_idx mi_idx,movie_companies mc,cast_info ci,title t,movie_info mi#t.id=mi.movie_id,t.id=ci.movie_id,t.id=mc.movie_id,t.id=mi_idx.movie_id#mi_idx.info_type_id,>,99,mc.company_id,<,4444,mc.company_type_id,=,2,ci.person_id,>,2236346,ci.role_id,>,1#156534509
movie_keyword mk,movie_info_idx mi_idx,movie_companies mc,title t,cast_info ci#t.id=ci.movie_id,t.id=mc.movie_id,t.id=mi_idx.movie_id,t.id=mk.movie_id#mk.keyword_id,=,2879,t.kind_id,>,2,t.production_year,=,2008,ci.person_id,<,3081122#71901
cast_info ci,movie_companies mc,movie_info_idx mi_idx,title t,movie_keyword mk#t.id=mk.movie_id,t.id=mi_idx.movie_id,t.id=mc.movie_id,t.id=ci.movie_id#ci.person_id,>,1807118,t.kind_id,>,1,t.production_year,>,1955#302382864
movie_info mi,cast_info ci,movie_info_idx mi_idx,title t,movie_keyword mk#t.id=mk.movie_id,t.id=mi_idx.movie_id,t.id=ci.movie_id,t.id=mi.movie_id#ci.person_id,>,3030671,ci.role_id,>,1,t.kind_id,=,7,mk.keyword_id,>,4630#94934109
movie_info mi,movie_companies mc,movie_info_idx mi_idx,title t,movie_keyword mk#t.id=mk.movie_id,t.id=mi_idx.movie_id,t.id=mc.movie_id,t.id=mi.movie_id#t.kind_id,>,1,mk.keyword_id,>,1633#350046576
cast_info ci,movie_keyword mk,movie_info mi,title t,movie_companies mc#t.id=mc.movie_id,t.id=mi.movie_id,t.id=mk.movie_id,t.id=ci.movie_id#t.kind_id,=,1,mc.company_id,>,1746,mc.company_type_id,=,1#392945180917
cast_info ci,movie_info_idx mi_idx,movie_companies mc,title t,movie_info mi#t.id=mi.movie_id,t.id=mc.movie_id,t.id=mi_idx.movie_id,t.id=ci.movie_id#ci.person_id,>,226461,mc.company_id,=,19,mc.company_type_id,>,1,t.kind_id,<,7#1185369
movie_info mi,movie_companies mc,movie_info_idx mi_idx,title t,movie_keyword mk#t.id=mk.movie_id,t.id=mi_idx.movie_id,t.id=mc.movie_id,t.id=mi.movie_id#mi.info_type_id,=,90,mi_idx.info_type_id,>,100,mk.keyword_id,=,382#16800
movie_keyword mk,movie_companies mc,cast_info ci,title t,movie_info_idx mi_idx#t.id=mi_idx.movie_id,t.id=ci.movie_id,t.id=mc.movie_id,t.id=mk.movie_id#mc.company_id,>,319,ci.person_id,<,3433871,mi_idx.info_type_id,=,100#2189465583
movie_info mi,cast_info ci,movie_info_idx mi_idx,title t,movie_companies mc#t.id=mc.movie_id,t.id=mi_idx.movie_id,t.id=ci.movie_id,t.id=mi.movie_id#mi.info_type_id,<,16,mi_idx.info_type_id,<,101,t.kind_id,>,1,t.production_year,>,2008#110415958
movie_keyword mk,movie_companies mc,movie_info mi,title t,movie_info_idx mi_idx#t.id=mi_idx.movie_id,t.id=mi.movie_id,t.id=mc.movie_id,t.id=mk.movie_id#mc.company_id,>,3097,mc.company_type_id,>,1,mi.info_type_id,>,5#1595413000
movie_info_idx mi_idx,cast_info ci,movie_keyword mk,title t,movie_companies mc#t.id=mc.movie_id,t.id=mk.movie_id,t.id=ci.movie_id,t.id=mi_idx.movie_id#mi_idx.info_type_id,>,101,mk.keyword_id,<,84639,t.kind_id,=,1,mc.company_id,>,1475#141784785
movie_info_idx mi_idx,movie_info mi,cast_info ci,title t,movie_companies mc#t.id=mc.movie_id,t.id=ci.movie_id,t.id=mi.movie_id,t.id=mi_idx.movie_id#mi.info_type_id,=,18,t.kind_id,<,7,mc.company_id,>,1714#473683975
cast_info ci,movie_companies mc,movie_info mi,title t,movie_info_idx mi_idx#t.id=mi_idx.movie_id,t.id=mi.movie_id,t.id=mc.movie_id,t.id=ci.movie_id#ci.person_id,>,1272372,mc.company_id,>,12801,mc.company_type_id,<,2,t.kind_id,<,7,mi_idx.info_type_id,>,101#57246489
movie_keyword mk,movie_companies mc,cast_info ci,title t,movie_info_idx mi_idx#t.id=mi_idx.movie_id,t.id=ci.movie_id,t.id=mc.movie_id,t.id=mk.movie_id#mk.keyword_id,>,10134,mc.company_id,>,513,mc.company_type_id,>,1#594749362
cast_info ci,movie_info mi,movie_companies mc,title t,movie_info_idx mi_idx#t.id=mi_idx.movie_id,t.id=mc.movie_id,t.id=mi.movie_id,t.id=ci.movie_id##17503028144
